Employee No,Forename,Surname,Email,DOB,Basic Salary (£),Contracted Hours,EE Pension %,Start Date
LA100,Aisha,Patel,aisha.patel@larkfield.test,13/03/1985,"£25,200",40,5%,01/01/2024
LA101,Ben,Okafor,ben.okafor@larkfield.test,04/09/1969,"£26,000",40,5%,01/10/2019
LA102,Chloe,Hughes,chloe.hughes@larkfield.test,07/09/1968,"£28,500",37.5,5%,01/02/2014
LA103,Dev,Shah,dev.shah@larkfield.test,03/07/1992,"£29,000",37.5,5%,01/02/2017
LA104,Ella,Brooks,ella.brooks@larkfield.test,02/07/2000,"£32,000",37.5,5%,01/02/2023
LA105,Femi,Adeyemi,femi.adeyemi@larkfield.test,21/11/1979,"£31,000",37.5,5%,01/01/2023
LA106,Grace,Lewis,grace.lewis@larkfield.test,13/10/2001,"£32,000",37.5,5%,01/04/2014
LA107,Harry,Wright,harry.wright@larkfield.test,28/09/1967,"£32,000",37.5,5%,01/05/2016
LA108,Isla,Murray,isla.murray@larkfield.test,18/03/1991,"£33,500",37.5,5%,01/10/2015
LA109,Jack,Evans,jack.evans@larkfield.test,27/09/1984,"£34,000",37.5,5%,01/03/2024
LA110,Kemi,Bello,kemi.bello@larkfield.test,19/10/1971,"£35,000",37.5,5%,01/04/2024
LA111,Liam,Turner,liam.turner@larkfield.test,18/02/1988,"£35,000",37.5,5%,01/02/2025
LA112,Maya,Collins,maya.collins@larkfield.test,20/01/2001,"£36,000",37.5,5%,01/08/2017
LA113,Noah,Green,noah.green@larkfield.test,25/07/1999,"£37,500",37.5,5%,01/08/2019
LA114,Olivia,Price,olivia.price@larkfield.test,12/08/2002,"£38,000",37.5,5%,01/04/2018
LA115,Priya,Kaur,priya.kaur@larkfield.test,25/12/1976,"£39,000",37.5,5%,01/02/2017
LA116,Quinn,Bennett,quinn.bennett@larkfield.test,17/05/2001,"£40,000",37.5,5%,01/06/2021
LA117,Rosa,Silva,rosa.silva@larkfield.test,20/05/1993,"£41,000",37.5,5%,01/02/2015
LA118,Sam,Clarke,sam.clarke@larkfield.test,06/07/1997,"£42,000",37.5,5%,01/03/2019
LA119,Tom,Hale,tom.hale@larkfield.test,02/07/1996,"£42,000",37.5,5%,01/02/2024
LA120,Uma,Rahman,uma.rahman@larkfield.test,26/10/2000,"£44,000",37.5,5%,01/06/2019
LA121,Vik,Mehta,vik.mehta@larkfield.test,16/10/1987,"£45,000",37.5,5%,01/08/2023
LA122,Will,Ward,will.ward@larkfield.test,09/02/1969,"£46,000",37.5,5%,01/12/2021
LA123,Xena,Doyle,xena.doyle@larkfield.test,24/01/1969,"£48,000",37.5,5%,01/05/2025
LA124,Yusuf,Ali,yusuf.ali@larkfield.test,27/11/2001,"£50,000",37.5,5%,01/05/2021
LA125,Zara,Khan,zara.khan@larkfield.test,12/11/1989,"£52,000",37.5,5%,01/08/2014
LA126,Owen,Jones,owen.jones@larkfield.test,20/03/1987,"£55,000",37.5,5%,01/08/2015
LA127,Leah,Carter,leah.carter@larkfield.test,25/04/1968,"£58,000",37.5,5%,01/03/2018
LA128,Ravi,Nair,ravi.nair@larkfield.test,13/07/1980,"£60,000",37.5,5%,01/02/2021
LA129,Nina,Walsh,nina.walsh@larkfield.test,13/08/1975,"£65,000",37.5,5%,01/05/2022
LA130,Jon,Reid,jon.reid@larkfield.test,28/07/1973,"£72,000",37.5,5%,01/05/2022
LA131,Asha,Gill,asha.gill@larkfield.test,22/06/1991,"£80,000",37.5,5%,01/04/2020
LA132,Callum,Fraser,callum.fraser@larkfield.test,06/02/1974,"£95,000",37.5,5%,01/04/2016
LA133,Freya,Barker,freya.barker@larkfield.test,16/01/1979,"£108,000",37.5,5%,01/03/2023
